                  epoch,         train/box_loss,         train/cls_loss,         train/dfl_loss,   metrics/precision(B),      metrics/recall(B),       metrics/mAP50(B),    metrics/mAP50-95(B),           val/box_loss,           val/cls_loss,           val/dfl_loss,                 lr/pg0,                 lr/pg1,                 lr/pg2
                      1,                 1.1888,                 4.1243,                 1.2479,                0.21888,                0.43803,                0.29774,                0.23144,                0.76772,                 2.5519,                0.97848,              5.712e-05,              5.712e-05,              5.712e-05
                      2,                 1.0538,                 2.1042,                 1.1939,                0.37972,                0.54015,                 0.4246,                0.34085,                0.78431,                 2.2125,                0.97072,             0.00012108,             0.00012108,             0.00012108
                      3,                0.95104,                 1.6108,                  1.065,                0.39592,                0.58349,                0.46889,                0.36178,                0.85213,                 2.9482,                 1.0342,             0.00018472,             0.00018472,             0.00018472
                      4,                0.95417,                 1.3769,                 1.0602,                 0.5077,                0.63703,                 0.5517,                0.42177,                0.88541,                 4.9649,                 1.0649,             0.00024804,             0.00024804,             0.00024804
                      5,                0.92539,                  1.285,                 1.0366,                0.51508,                0.61221,                0.58943,                0.44863,                0.93128,                 3.0805,                 1.0996,             0.00031105,             0.00031105,             0.00031105
